,Country,Rank_b,date_of_info_b,broadband_users,Rank_e,date_of_info_e,percent_education_of_gdp,Rank_g,date_of_info_g,gini_index,Rank_i,date_of_info_i,infant_deaths_per_1K_births,Rank_n,date_of_info_n,internet_users,Rank_m,date_of_info_m,maternal_deaths_per100Kbirths,Rank_u,date_of_info_u,percent_labor_force_unemployed
0,China,1.0,2020.0,483549500.0,133.0,2020.0,3.6,70.0,2019.0,38.2,162.0,2022.0,6.49,1.0,2020.0,987000000.0,111.0,2017.0,29.0,73.0,2021.0,4.82
1,United States,2.0,2020.0,121176000.0,40.0,2020.0,6.1,50.0,2016.0,41.1,173.0,2022.0,5.12,3.0,2020.0,301665983.0,129.0,2017.0,19.0,95.0,2021.0,5.46
2,Japan,3.0,2020.0,44000791.0,143.0,2020.0,3.4,126.0,2013.0,32.9,223.0,2022.0,1.88,7.0,2020.0,113252419.0,166.0,2017.0,5.0,30.0,2021.0,2.8
3,Brazil,4.0,2020.0,36344670.0,41.0,2019.0,6.0,14.0,2020.0,48.9,109.0,2022.0,13.11,4.0,2020.0,172173121.0,88.0,2017.0,60.0,190.0,2021.0,14.4
4,Germany,5.0,2020.0,36215303.0,87.0,2020.0,4.7,137.0,2018.0,31.7,208.0,2022.0,3.14,10.0,2020.0,74844784.0,154.0,2017.0,7.0,42.0,2021.0,3.54
5,Russia,6.0,2020.0,33893305.0,131.0,2020.0,3.7,92.0,2020.0,36.0,168.0,2022.0,6.33,6.0,2020.0,122488468.0,130.0,2017.0,17.0,77.0,2021.0,5.01
6,France,7.0,2020.0,30627000.0,58.0,2020.0,5.5,135.0,2018.0,32.4,210.0,2022.0,3.1,16.0,2020.0,57272921.0,151.0,2017.0,8.0,135.0,2021.0,8.06
7,United Kingdom,8.0,2020.0,27330297.0,60.0,2020.0,5.5,108.0,2016.0,34.8,192.0,2022.0,3.79,15.0,2020.0,63854528.0,158.0,2017.0,7.0,66.0,2021.0,4.53
8,India,9.0,2020.0,22950000.0,100.0,2020.0,4.5,94.0,2019.0,35.7,49.0,2022.0,30.36,2.0,2020.0,593400000.0,57.0,2017.0,145.0,100.0,2021.0,5.98
9,"Korea, South",10.0,2020.0,22327182.0,89.0,2019.0,4.7,139.0,2016.0,31.4,214.0,2022.0,2.83,20.0,2020.0,50281152.0,142.0,2017.0,11.0,41.0,2021.0,3.53
10,Mexico,11.0,2020.0,21936131.0,108.0,2018.0,4.3,26.0,2020.0,45.4,114.0,2022.0,12.0,8.0,2020.0,92831582.0,108.0,2017.0,33.0,62.0,2021.0,4.38
11,Italy,12.0,2020.0,18128787.0,107.0,2020.0,4.3,100.0,2018.0,35.2,209.0,2022.0,3.11,22.0,2020.0,41614669.0,182.0,2017.0,2.0,156.0,2021.0,9.83
12,Turkey (Turkiye),13.0,2020.0,16734853.0,145.0,2020.0,3.4,45.0,2018.0,41.9,84.0,2022.0,18.85,14.0,2020.0,65784472.0,133.0,2017.0,17.0,183.0,2021.0,13.39
13,Vietnam,14.0,2020.0,16699249.0,113.0,2020.0,4.1,96.0,2018.0,35.7,102.0,2022.0,14.42,13.0,2020.0,68137008.0,100.0,2017.0,43.0,20.0,2021.0,2.17
14,Spain,15.0,2020.0,16188502.0,95.0,2020.0,4.6,109.0,2017.0,34.7,217.0,2022.0,2.43,21.0,2020.0,44047980.0,174.0,2017.0,4.0,192.0,2021.0,14.73
15,Canada,16.0,2020.0,15825813.0,67.0,2020.0,5.2,122.0,2017.0,33.3,184.0,2022.0,4.31,27.0,2020.0,36896088.0,145.0,2017.0,10.0,125.0,2021.0,7.51
16,Indonesia,17.0,2020.0,11722218.0,141.0,2020.0,3.5,74.0,2021.0,37.9,81.0,2022.0,19.31,5.0,2020.0,147702755.0,52.0,2017.0,177.0,63.0,2021.0,4.41
17,Thailand,18.0,2020.0,11478265.0,152.0,2020.0,3.2,87.0,2018.0,36.4,167.0,2022.0,6.36,19.0,2020.0,54443983.0,103.0,2017.0,37.0,10.0,2021.0,1.42
18,Bangladesh,19.0,2020.0,10052819.0,184.0,2021.0,2.1,134.0,2016.0,32.4,52.0,2022.0,29.58,24.0,2020.0,41172346.0,53.0,2017.0,173.0,85.0,2021.0,5.23
19,Argentina,20.0,2020.0,9571562.0,73.0,2020.0,5.0,41.0,2020.0,42.3,141.0,2022.0,9.14,26.0,2021.0,39853610.0,101.0,2017.0,39.0,164.0,2021.0,10.9
20,Iran,21.0,2020.0,9564195.0,137.0,2020.0,3.6,51.0,2019.0,40.9,100.0,2022.0,14.58,9.0,2020.0,75594081.0,135.0,2017.0,16.0,168.0,2021.0,11.46
21,Egypt,22.0,2020.0,9349469.0,175.0,2020.0,2.5,138.0,2017.0,31.5,92.0,2022.0,17.27,12.0,2020.0,73680770.0,102.0,2017.0,37.0,153.0,2021.0,9.33
22,Australia,23.0,2020.0,9099619.0,38.0,2020.0,6.1,112.0,2018.0,34.3,213.0,2022.0,2.96,36.0,2020.0,23123940.0,159.0,2017.0,6.0,82.0,2021.0,5.11
23,Poland,24.0,2020.0,8369218.0,68.0,2020.0,5.2,148.0,2018.0,30.2,186.0,2022.0,4.1,30.0,2020.0,31456228.0,184.0,2017.0,2.0,38.0,2021.0,3.37
24,Philippines,25.0,2020.0,7936574.0,129.0,2020.0,3.7,42.0,2018.0,42.3,73.0,2022.0,22.14,18.0,2020.0,54790543.0,64.0,2017.0,121.0,24.0,2021.0,2.41
25,Saudi Arabia,26.0,2020.0,7890261.0,12.0,2020.0,7.8,24.0,2013.0,45.9,115.0,2022.0,11.97,29.0,2020.0,34117590.0,131.0,2017.0,17.0,121.0,2021.0,7.36
26,Ukraine,27.0,2020.0,7769401.0,63.0,2020.0,5.4,169.0,2018.0,26.1,157.0,2022.0,7.21,25.0,2022.0,40912381.0,128.0,2017.0,19.0,147.0,2021.0,8.88
27,Colombia,28.0,2020.0,7764772.0,80.0,2020.0,4.9,6.0,2020.0,54.2,121.0,2022.0,11.65,28.0,2020.0,35618019.0,78.0,2017.0,83.0,188.0,2021.0,14.34
28,Netherlands,29.0,2020.0,7525016.0,65.0,2020.0,5.3,155.0,2019.0,29.2,201.0,2022.0,3.34,46.0,2020.0,15871765.0,169.0,2017.0,5.0,56.0,2021.0,4.01
29,Iraq,30.0,2020.0,6254099.0,88.0,2016.0,4.7,152.0,2012.0,29.5,83.0,2022.0,19.17,35.0,2020.0,24133502.0,80.0,2017.0,79.0,187.0,2021.0,14.19
30,Taiwan,31.0,2019.0,5831470.0,,,,121.0,2014.0,33.6,190.0,2022.0,3.9,38.0,2019.0,21158750.0,,,,49.0,2019.0,3.73
31,Romania,32.0,2020.0,5684782.0,130.0,2020.0,3.7,107.0,2019.0,34.8,172.0,2022.0,5.65,47.0,2020.0,15020866.0,127.0,2017.0,19.0,83.0,2021.0,5.17
32,Uzbekistan,33.0,2020.0,4820009.0,82.0,2020.0,4.9,85.0,2003.0,36.8,89.0,2022.0,18.55,42.0,2022.0,17161534.0,114.0,2017.0,29.0,119.0,2021.0,7.16
33,Belgium,34.0,2020.0,4734210.0,25.0,2020.0,6.7,167.0,2019.0,27.2,207.0,2022.0,3.15,54.0,2020.0,10620701.0,164.0,2017.0,5.0,107.0,2021.0,6.42
34,Greece,35.0,2020.0,4257026.0,104.0,2020.0,4.4,123.0,2019.0,33.1,195.0,2022.0,3.49,67.0,2020.0,8346434.0,178.0,2017.0,3.0,193.0,2021.0,14.8
35,Sweden,36.0,2020.0,4179574.0,18.0,2020.0,7.2,159.0,2017.0,28.8,220.0,2022.0,2.28,57.0,2020.0,9835769.0,175.0,2017.0,4.0,143.0,2021.0,8.66
36,Portugal,37.0,2020.0,4160795.0,77.0,2020.0,5.0,128.0,2019.0,32.8,216.0,2022.0,2.47,70.0,2020.0,8031723.0,152.0,2017.0,8.0,112.0,2021.0,6.65
37,Switzerland,38.0,2020.0,4028238.0,70.0,2020.0,5.2,131.0,2017.0,32.7,194.0,2022.0,3.51,69.0,2020.0,8118367.0,171.0,2017.0,5.0,89.0,2021.0,5.32
38,Czechia,39.0,2020.0,3845426.0,72.0,2020.0,5.1,171.0,2019.0,25.3,218.0,2022.0,2.37,59.0,2022.0,9323428.0,176.0,2017.0,3.0,31.0,2021.0,2.89
39,Algeria,40.0,2020.0,3790459.0,21.0,2020.0,7.0,166.0,2011.0,27.6,82.0,2022.0,19.22,33.0,2020.0,27626157.0,68.0,2017.0,112.0,176.0,2021.0,12.7
40,Chile,41.0,2020.0,3763826.0,53.0,2019.0,5.6,28.0,2020.0,44.9,165.0,2022.0,6.41,43.0,2020.0,16822264.0,138.0,2017.0,13.0,150.0,2021.0,9.13
41,Hungary,42.0,2021.0,3382136.0,83.0,2020.0,4.8,149.0,2019.0,30.0,179.0,2022.0,4.55,62.0,2022.0,8588776.0,139.0,2017.0,12.0,58.0,2021.0,4.12
42,Malaysia,43.0,2020.0,3358800.0,121.0,2020.0,3.9,48.0,2015.0,41.1,163.0,2022.0,6.49,32.0,2020.0,29129398.0,113.0,2017.0,29.0,67.0,2021.0,4.61
43,Belarus,44.0,2020.0,3255552.0,86.0,2021.0,4.7,174.0,2020.0,24.4,203.0,2022.0,3.23,71.0,2022.0,8027601.0,181.0,2017.0,2.0,69.0,2021.0,4.74
44,United Arab Emirates,45.0,2020.0,3245123.0,123.0,2020.0,3.9,133.0,2014.0,32.5,175.0,2022.0,5.06,56.0,2020.0,9890400.0,180.0,2017.0,3.0,37.0,2021.0,3.36
45,Peru,46.0,2020.0,3044000.0,118.0,2021.0,4.0,32.0,2020.0,43.8,131.0,2022.0,10.8,37.0,2020.0,21431700.0,76.0,2017.0,88.0,74.0,2021.0,4.83
46,Hong Kong,47.0,2020.0,2885586.0,116.0,2021.0,4.0,8.0,2016.0,53.9,215.0,2022.0,2.52,78.0,2020.0,6883256.0,,,,88.0,2021.0,5.32
47,Kazakhstan,48.0,2020.0,2620400.0,101.0,2020.0,4.5,161.0,2018.0,27.8,85.0,2022.0,18.77,44.0,2022.0,16465777.0,146.0,2017.0,10.0,75.0,2021.0,4.9
48,Austria,49.0,2020.0,2606000.0,71.0,2020.0,5.1,147.0,2019.0,30.2,205.0,2022.0,3.2,73.0,2020.0,7846840.0,163.0,2017.0,5.0,103.0,2021.0,6.3
49,Israel,50.0,2020.0,2602079.0,19.0,2020.0,7.1,68.0,2018.0,38.6,196.0,2022.0,3.49,68.0,2020.0,8293590.0,179.0,2017.0,3.0,78.0,2021.0,5.05
50,Denmark,51.0,2020.0,2590282.0,32.0,2020.0,6.4,163.0,2019.0,27.7,212.0,2022.0,3.0,82.0,2020.0,5656462.0,172.0,2017.0,4.0,71.0,2021.0,4.8
51,Venezuela,52.0,2020.0,2561556.0,194.0,2017.0,1.3,63.0,2011.0,39.0,104.0,2022.0,14.1,39.0,2019.0,20531397.0,63.0,2017.0,125.0,106.0,2021.0,6.41
52,Pakistan,53.0,2020.0,2523027.0,178.0,2021.0,2.4,151.0,2018.0,29.6,17.0,2022.0,52.73,17.0,2020.0,55223083.0,61.0,2017.0,140.0,61.0,2021.0,4.35
53,Norway,54.0,2020.0,2387661.0,47.0,2020.0,5.9,165.0,2019.0,27.7,219.0,2022.0,2.28,88.0,2020.0,5218091.0,183.0,2017.0,2.0,76.0,2021.0,4.99
54,Ecuador,55.0,2020.0,2371297.0,128.0,2021.0,3.7,19.0,2020.0,47.3,91.0,2022.0,17.72,52.0,2020.0,11467989.0,90.0,2017.0,59.0,108.0,2021.0,6.43
55,Bulgaria,56.0,2020.0,2115053.0,115.0,2020.0,4.0,56.0,2019.0,40.3,150.0,2022.0,7.82,92.0,2020.0,4853811.0,144.0,2017.0,10.0,93.0,2021.0,5.42
56,Morocco,57.0,2020.0,2102434.0,23.0,2020.0,6.8,61.0,2013.0,39.5,86.0,2022.0,18.73,31.0,2020.0,31004869.0,84.0,2017.0,70.0,170.0,2021.0,11.47
57,Azerbaijan,58.0,2020.0,1995474.0,106.0,2020.0,4.3,117.0,2008.0,33.7,70.0,2022.0,22.93,61.0,2022.0,8745304.0,120.0,2017.0,26.0,110.0,2021.0,6.58
58,Finland,59.0,2020.0,1846000.0,45.0,2020.0,5.9,164.0,2019.0,27.7,222.0,2022.0,2.11,89.0,2020.0,5087180.0,177.0,2017.0,3.0,126.0,2021.0,7.53
59,Sri Lanka,60.0,2020.0,1781530.0,189.0,2019.0,1.9,58.0,2016.0,39.8,148.0,2022.0,8.04,74.0,2020.0,7671650.0,106.0,2017.0,36.0,91.0,2021.0,5.39
60,New Zealand,61.0,2020.0,1764984.0,44.0,2020.0,6.0,88.0,1997.0,36.2,199.0,2022.0,3.39,94.0,2020.0,4677556.0,148.0,2017.0,9.0,59.0,2021.0,4.12
61,Serbia,62.0,2020.0,1730496.0,140.0,2019.0,3.6,89.0,2017.0,36.2,180.0,2022.0,4.55,85.0,2020.0,5381318.0,141.0,2017.0,12.0,171.0,2021.0,11.81
62,Slovakia,63.0,2020.0,1701561.0,94.0,2020.0,4.6,173.0,2016.0,25.2,178.0,2022.0,4.74,91.0,2022.0,4917528.0,170.0,2017.0,5.0,113.0,2021.0,6.74
63,Syria,64.0,2020.0,1549356.0,,,,,,,94.0,2022.0,15.48,81.0,2020.0,6300237.0,110.0,2017.0,31.0,162.0,2021.0,10.57
64,Ireland,65.0,2020.0,1516473.0,156.0,2020.0,3.1,146.0,2018.0,30.6,197.0,2022.0,3.41,96.0,2020.0,4586820.0,165.0,2017.0,5.0,111.0,2021.0,6.63
65,Singapore,66.0,2020.0,1509700.0,167.0,2021.0,2.8,25.0,2017.0,45.9,226.0,2022.0,1.54,87.0,2020.0,5230942.0,153.0,2017.0,8.0,44.0,2021.0,3.62
66,Tunisia,67.0,2020.0,1334059.0,17.0,2016.0,7.3,129.0,2015.0,32.8,122.0,2022.0,11.57,63.0,2020.0,8509405.0,99.0,2017.0,43.0,202.0,2021.0,16.82
67,South Africa,68.0,2020.0,1303057.0,29.0,2021.0,6.6,1.0,2014.0,63.0,65.0,2022.0,24.99,23.0,2020.0,41516083.0,66.0,2017.0,119.0,227.0,2021.0,33.56
68,Nepal,69.0,2020.0,1270000.0,109.0,2020.0,4.2,127.0,2010.0,32.8,67.0,2022.0,24.55,53.0,2020.0,11071987.0,49.0,2017.0,186.0,79.0,2021.0,5.05
69,Tanzania,70.0,2020.0,1135608.0,147.0,2021.0,3.3,55.0,2017.0,40.5,50.0,2022.0,30.25,48.0,2020.0,13141527.0,19.0,2017.0,524.0,27.0,2021.0,2.65
70,Uruguay,71.0,2020.0,1063701.0,96.0,2020.0,4.6,59.0,2018.0,39.7,147.0,2022.0,8.14,114.0,2020.0,2987405.0,134.0,2017.0,17.0,161.0,2021.0,10.45
71,Dominican Republic,72.0,2020.0,1031858.0,92.0,2020.0,4.6,60.0,2020.0,39.6,78.0,2022.0,20.68,66.0,2020.0,8352886.0,71.0,2017.0,95.0,139.0,2021.0,8.5
72,Croatia,73.0,2020.0,1030973.0,56.0,2020.0,5.5,158.0,2019.0,28.9,143.0,2022.0,8.58,110.0,2020.0,3157190.0,150.0,2017.0,8.0,144.0,2021.0,8.68
73,Costa Rica,74.0,2020.0,992725.0,26.0,2020.0,6.7,13.0,2020.0,49.3,144.0,2022.0,8.2,100.0,2020.0,4126232.0,116.0,2017.0,27.0,204.0,2021.0,17.95
74,Georgia,75.0,2021.0,986809.0,135.0,2021.0,3.6,110.0,2020.0,34.5,101.0,2022.0,14.45,104.0,2022.0,3628500.0,121.0,2017.0,25.0,163.0,2021.0,10.66
75,Bolivia,76.0,2020.0,931918.0,5.0,2020.0,9.8,34.0,2020.0,43.6,72.0,2022.0,22.28,77.0,2020.0,7003817.0,56.0,2017.0,155.0,140.0,2021.0,8.51
76,Lithuania,77.0,2020.0,796814.0,117.0,2019.0,4.0,99.0,2019.0,35.3,193.0,2022.0,3.61,120.0,2022.0,2603900.0,167.0,2017.0,5.0,132.0,2021.0,7.9
77,Bosnia and Herzegovina,78.0,2020.0,770424.0,,,,124.0,2011.0,33.0,174.0,2022.0,5.1,123.0,2020.0,2394995.0,143.0,2017.0,10.0,194.0,2021.0,15.22
78,Cameroon,79.0,2020.0,722579.0,148.0,2020.0,3.2,21.0,2014.0,46.6,22.0,2022.0,47.4,55.0,2020.0,10087428.0,18.0,2017.0,529.0,50.0,2021.0,3.87
79,Moldova,80.0,2020.0,719001.0,34.0,2020.0,6.4,170.0,2019.0,26.0,123.0,2022.0,11.38,112.0,2022.0,3067466.0,125.0,2017.0,19.0,51.0,2021.0,3.96
80,Burma,81.0,2020.0,688185.0,185.0,2019.0,2.1,144.0,2017.0,30.7,44.0,2022.0,32.2,40.0,2020.0,19043428.0,42.0,2017.0,250.0,19.0,2021.0,2.17
81,Kenya,82.0,2020.0,674191.0,84.0,2021.0,4.8,52.0,2015.0,40.8,59.0,2022.0,26.94,45.0,2020.0,16131390.0,32.0,2017.0,342.0,97.0,2021.0,5.74
82,Puerto Rico,83.0,2020.0,671284.0,138.0,2021.0,3.6,,,,170.0,2022.0,5.92,121.0,2020.0,2559600.0,123.0,2017.0,21.0,138.0,2021.0,8.27
83,Slovenia,84.0,2020.0,651604.0,50.0,2020.0,5.8,175.0,2017.0,24.2,227.0,2022.0,1.51,130.0,2020.0,1829105.0,156.0,2017.0,7.0,64.0,2021.0,4.42
84,Jordan,85.0,2020.0,630545.0,150.0,2021.0,3.2,119.0,2010.0,33.7,108.0,2022.0,13.56,80.0,2019.0,6768137.0,96.0,2017.0,46.0,206.0,2021.0,19.25
85,Guatemala,86.0,2020.0,612000.0,155.0,2021.0,3.1,16.0,2014.0,48.3,62.0,2022.0,25.57,64.0,2020.0,8429167.0,72.0,2017.0,95.0,43.0,2021.0,3.57
86,El Salvador,87.0,2020.0,586000.0,111.0,2020.0,4.1,64.0,2019.0,38.8,116.0,2022.0,11.9,107.0,2020.0,3567410.0,95.0,2017.0,46.0,98.0,2021.0,5.94
87,Panama,88.0,2020.0,562413.0,122.0,2020.0,3.9,12.0,2019.0,49.8,96.0,2022.0,15.28,117.0,2020.0,2761452.0,93.0,2017.0,52.0,175.0,2021.0,12.09
88,Paraguay,89.0,2020.0,562369.0,146.0,2020.0,3.3,36.0,2020.0,43.5,71.0,2022.0,22.6,90.0,2021.0,4920000.0,77.0,2017.0,84.0,120.0,2021.0,7.21
89,Oman,90.0,2020.0,508949.0,62.0,2019.0,5.4,,,,103.0,2022.0,14.16,93.0,2020.0,4851291.0,126.0,2017.0,19.0,36.0,2021.0,3.12
90,Albania,91.0,2020.0,508937.0,153.0,2020.0,3.1,142.0,2019.0,30.8,132.0,2022.0,10.54,127.0,2020.0,2043251.0,136.0,2017.0,15.0,172.0,2021.0,11.82
91,Latvia,92.0,2020.0,490569.0,43.0,2020.0,6.0,111.0,2019.0,34.5,177.0,2022.0,4.78,132.0,2022.0,1663739.0,124.0,2017.0,19.0,127.0,2021.0,7.6
92,North Macedonia,93.0,2020.0,475569.0,,,,125.0,2018.0,33.0,158.0,2022.0,7.16,131.0,2020.0,1678750.0,155.0,2017.0,7.0,199.0,2021.0,16.2
93,Lebanon,94.0,2020.0,432070.0,190.0,2020.0,1.7,136.0,2011.0,31.8,159.0,2022.0,6.88,79.0,2020.0,6825442.0,112.0,2017.0,29.0,191.0,2021.0,14.49
94,Armenia,95.0,2020.0,430407.0,164.0,2021.0,2.8,172.0,2020.0,25.2,117.0,2022.0,11.89,125.0,2022.0,2288566.0,119.0,2017.0,26.0,210.0,2021.0,20.9
95,Estonia,96.0,2020.0,415610.0,27.0,2020.0,6.6,143.0,2019.0,30.8,200.0,2022.0,3.38,141.0,2022.0,1276521.0,147.0,2017.0,9.0,104.0,2021.0,6.33
96,Honduras,97.0,2020.0,396916.0,33.0,2020.0,6.4,17.0,2019.0,48.2,99.0,2022.0,14.77,99.0,2020.0,4159935.0,86.0,2017.0,65.0,141.0,2021.0,8.51
97,Yemen,98.0,2020.0,391000.0,,,,86.0,2014.0,36.7,26.0,2022.0,45.54,72.0,2019.0,7873719.0,54.0,2017.0,164.0,184.0,2021.0,13.57
98,Jamaica,99.0,2020.0,385603.0,42.0,2021.0,6.0,103.0,2016.0,35.0,129.0,2022.0,10.92,134.0,2019.0,1621552.0,79.0,2017.0,80.0,151.0,2021.0,9.18
99,Gaza Strip,100.0,2020.0,376911.0,64.0,2018.0,5.3,118.0,2016.0,33.7,98.0,2022.0,14.87,105.0,2020.0,3602452.0,117.0,2017.0,27.0,220.0,2021.0,24.9
100,Trinidad and Tobago,101.0,2020.0,376771.0,112.0,2020.0,4.1,,,,95.0,2022.0,15.44,144.0,2019.0,1074126.0,85.0,2017.0,67.0,72.0,2021.0,4.8
101,West Bank,102.0,2020.0,373050.0,66.0,2018.0,5.3,120.0,2016.0,33.7,97.0,2022.0,14.91,106.0,2020.0,3602452.0,118.0,2017.0,27.0,221.0,2021.0,24.9
102,Cyprus,103.0,2020.0,332080.0,39.0,2020.0,6.1,140.0,2019.0,31.2,145.0,2022.0,8.2,143.0,2020.0,1098699.0,160.0,2017.0,6.0,102.0,2021.0,6.13
103,Libya,104.0,2020.0,332000.0,,,,,,,128.0,2022.0,10.95,137.0,2019.0,1491040.0,81.0,2017.0,72.0,207.0,2021.0,19.58
104,Mauritius,105.0,2020.0,323200.0,81.0,2021.0,4.9,83.0,2017.0,36.8,118.0,2022.0,11.84,150.0,2020.0,822731.0,87.0,2017.0,61.0,124.0,2021.0,7.41
105,Mongolia,106.0,2020.0,307166.0,90.0,2020.0,4.7,130.0,2018.0,32.7,79.0,2022.0,19.77,126.0,2020.0,2065324.0,97.0,2017.0,45.0,118.0,2021.0,7.08
106,Qatar,107.0,2020.0,296126.0,151.0,2020.0,3.2,49.0,2007.0,41.1,164.0,2022.0,6.46,116.0,2020.0,2881060.0,149.0,2017.0,9.0,2.0,2021.0,0.26
107,Nicaragua,108.0,2020.0,290351.0,93.0,2020.0,4.6,22.0,2014.0,46.2,87.0,2022.0,18.63,115.0,2020.0,2981049.0,47.0,2017.0,198.0,99.0,2021.0,5.96
108,Kyrgyzstan,109.0,2020.0,289000.0,37.0,2020.0,6.2,157.0,2020.0,29.0,63.0,2022.0,25.08,102.0,2022.0,3683700.0,89.0,2017.0,60.0,149.0,2021.0,9.1
109,Cote d'Ivoire,110.0,2020.0,260097.0,142.0,2020.0,3.4,81.0,2018.0,37.2,16.0,2022.0,54.04,58.0,2020.0,9496179.0,12.0,2017.0,617.0,39.0,2021.0,3.47
110,Botswana,111.0,2020.0,259525.0,10.0,2020.0,8.7,9.0,2015.0,53.3,68.0,2022.0,24.41,135.0,2020.0,1505040.0,59.0,2017.0,144.0,219.0,2021.0,24.72
111,Mali,112.0,2020.0,243806.0,105.0,2021.0,4.4,90.0,2018.0,36.1,11.0,2022.0,58.99,83.0,2020.0,5467725.0,15.0,2017.0,562.0,130.0,2021.0,7.72
112,Luxembourg,113.0,2020.0,235155.0,76.0,2020.0,5.0,113.0,2019.0,34.2,204.0,2022.0,3.21,152.0,2020.0,624115.0,168.0,2017.0,5.0,86.0,2021.0,5.23
113,Cambodia,114.0,2020.0,233732.0,154.0,2020.0,3.1,73.0,2008.0,37.9,54.0,2022.0,28.75,84.0,2019.0,5440559.0,55.0,2017.0,160.0,3.0,2021.0,0.61
114,Cuba,115.0,2020.0,231654.0,,,,,,,187.0,2022.0,4.07,65.0,2020.0,8381696.0,105.0,2017.0,36.0,29.0,2021.0,2.76
115,Angola,116.0,2020.0,230610.0,177.0,2020.0,2.4,10.0,2018.0,51.3,12.0,2022.0,57.2,51.0,2020.0,11831857.0,45.0,2017.0,241.0,142.0,2021.0,8.53
116,Malta,117.0,2020.0,213419.0,46.0,2020.0,5.9,141.0,2019.0,31.0,182.0,2022.0,4.45,160.0,2020.0,448339.0,161.0,2017.0,6.0,40.0,2021.0,3.5
117,Ethiopia,118.0,2020.0,212000.0,98.0,2019.0,4.5,102.0,2015.0,35.0,43.0,2022.0,32.44,34.0,2020.0,27591260.0,26.0,2017.0,401.0,45.0,2021.0,3.69
118,Macau,119.0,2020.0,208000.0,35.0,2020.0,6.3,104.0,2013.0,35.0,181.0,2022.0,4.5,154.0,2020.0,571421.0,,,,35.0,2021.0,3.01
119,Zimbabwe,120.0,2020.0,203461.0,124.0,2018.0,3.9,31.0,2017.0,44.3,58.0,2022.0,27.67,97.0,2020.0,4310249.0,24.0,2017.0,458.0,84.0,2021.0,5.17
120,Montenegro,121.0,2020.0,184176.0,,,,84.0,2018.0,36.8,206.0,2022.0,3.2,156.0,2020.0,484619.0,162.0,2017.0,6.0,205.0,2021.0,18.49
121,Senegal,122.0,2020.0,153813.0,59.0,2020.0,5.5,71.0,2018.0,38.1,47.0,2022.0,31.75,75.0,2020.0,7199890.0,35.0,2017.0,315.0,48.0,2021.0,3.72
122,Bahrain,123.0,2020.0,148928.0,180.0,2020.0,2.2,,,,136.0,2022.0,9.98,177.0,2020.0,170158.0,137.0,2017.0,14.0,15.0,2021.0,1.87
123,Iceland,124.0,2020.0,141816.0,13.0,2020.0,7.7,168.0,2017.0,26.1,225.0,2022.0,1.63,166.0,2020.0,362798.0,173.0,2017.0,4.0,92.0,2021.0,5.4
124,Barbados,125.0,2020.0,128000.0,31.0,2021.0,6.5,,,,139.0,2022.0,9.79,173.0,2019.0,235357.0,115.0,2017.0,27.0,160.0,2021.0,10.41
125,Laos,126.0,2020.0,128000.0,179.0,2020.0,2.3,65.0,2018.0,38.8,37.0,2022.0,36.56,122.0,2020.0,2473689.0,50.0,2017.0,185.0,9.0,2021.0,1.26
126,Somalia,127.0,2020.0,119000.0,197.0,2019.0,0.3,,,,2.0,2022.0,85.06,171.0,2019.0,308858.0,6.0,2017.0,829.0,209.0,2021.0,19.86
127,Guyana,128.0,2020.0,95000.0,99.0,2018.0,4.5,30.0,2007.0,44.6,75.0,2022.0,21.63,172.0,2019.0,289627.0,9.0,2017.0,667.0,200.0,2021.0,16.42
128,Suriname,129.0,2020.0,92270.0,79.0,2020.0,5.0,,,,51.0,2022.0,29.91,164.0,2020.0,410644.0,65.0,2017.0,120.0,159.0,2021.0,10.06
129,"Bahamas, The",130.0,2020.0,83000.0,165.0,2021.0,2.8,,,,111.0,2022.0,12.52,169.0,2020.0,342126.0,83.0,2017.0,70.0,180.0,2021.0,13.24
130,Zambia,131.0,2020.0,82317.0,132.0,2020.0,3.7,3.0,2015.0,57.1,39.0,2022.0,36.33,103.0,2020.0,3676791.0,46.0,2017.0,213.0,178.0,2021.0,13.03
131,Ghana,132.0,2020.0,78371.0,120.0,2018.0,3.9,35.0,2016.0,43.5,46.0,2022.0,31.87,41.0,2020.0,18022308.0,36.0,2017.0,308.0,68.0,2021.0,4.7
132,Kuwait,133.0,2020.0,73948.0,28.0,2020.0,6.6,,,,156.0,2022.0,7.27,98.0,2020.0,4227857.0,140.0,2017.0,12.0,47.0,2021.0,3.71
133,Brunei,134.0,2020.0,71078.0,103.0,2016.0,4.4,,,,134.0,2022.0,10.26,163.0,2020.0,415609.0,109.0,2017.0,31.0,128.0,2021.0,7.65
134,Namibia,135.0,2020.0,71063.0,7.0,2021.0,9.6,2.0,2015.0,59.1,55.0,2022.0,28.49,146.0,2020.0,1041776.0,48.0,2017.0,195.0,212.0,2021.0,21.68
135,Mozambique,136.0,2020.0,70000.0,36.0,2020.0,6.3,7.0,2014.0,54.0,9.0,2022.0,59.77,86.0,2020.0,5313424.0,39.0,2017.0,289.0,53.0,2021.0,3.98
136,Nigeria,137.0,2020.0,65313.0,196.0,2013.0,0.5,101.0,2018.0,35.1,14.0,2022.0,55.17,11.0,2020.0,74210251.0,4.0,2017.0,917.0,155.0,2021.0,9.79
137,French Polynesia,138.0,2020.0,64000.0,,,,,,,183.0,2022.0,4.34,175.0,2019.0,203878.0,,,,189.0,2021.0,14.39
138,Maldives,139.0,2020.0,63685.0,49.0,2020.0,5.8,154.0,2019.0,29.3,64.0,2022.0,25.02,170.0,2020.0,340542.0,92.0,2017.0,53.0,101.0,2021.0,6.08
139,Uganda,140.0,2020.0,58594.0,171.0,2021.0,2.7,38.0,2016.0,42.8,53.0,2022.0,29.44,60.0,2020.0,9148200.0,30.0,2017.0,375.0,33.0,2021.0,2.94
140,Curacao,141.0,2020.0,55000.0,16.0,2020.0,7.4,,,,153.0,2022.0,7.7,179.0,2019.0,107060.0,,,,177.0,2013.0,13.0
141,New Caledonia,142.0,2020.0,55000.0,,,,,,,176.0,2022.0,4.92,174.0,2019.0,222466.0,,,,201.0,2021.0,16.57
142,Togo,143.0,2020.0,52706.0,119.0,2020.0,4.0,37.0,2015.0,43.1,31.0,2022.0,39.79,128.0,2020.0,1986897.0,28.0,2017.0,396.0,55.0,2021.0,4.0
143,Gabon,144.0,2020.0,44607.0,149.0,2020.0,3.2,72.0,2017.0,38.0,57.0,2022.0,27.7,139.0,2020.0,1379951.0,41.0,2017.0,252.0,213.0,2021.0,22.26
144,Jersey,145.0,2020.0,39699.0,,,,177.0,2014.0,0.3,191.0,2022.0,3.81,199.0,2019.0,44198.0,,,,123.0,2021.0,7.37
145,Andorra,146.0,2020.0,37000.0,161.0,2021.0,2.9,,,,198.0,2022.0,3.39,187.0,2020.0,71084.0,,,,46.0,2016.0,3.7
146,Belize,147.0,2020.0,36000.0,9.0,2021.0,8.7,,,,130.0,2022.0,10.9,176.0,2020.0,202787.0,104.0,2017.0,36.0,137.0,2021.0,8.22
147,Seychelles,148.0,2020.0,34966.0,69.0,2020.0,5.2,20.0,2013.0,46.8,133.0,2022.0,10.38,184.0,2020.0,77785.0,,,,34.0,2017.0,3.0
148,Saint Lucia,149.0,2020.0,33000.0,139.0,2020.0,3.6,11.0,2016.0,51.2,120.0,2022.0,11.75,181.0,2020.0,97323.0,67.0,2017.0,117.0,203.0,2021.0,16.91
149,Grenada,150.0,2020.0,32000.0,136.0,2018.0,3.6,,,,140.0,2022.0,9.2,191.0,2020.0,64136.0,122.0,2017.0,25.0,217.0,2017.0,24.0
150,Madagascar,151.0,2020.0,32000.0,157.0,2020.0,3.1,39.0,2012.0,42.6,33.0,2022.0,38.27,118.0,2019.0,2696931.0,33.0,2017.0,335.0,26.0,2021.0,2.59
151,"Congo, Democratic Republic of the",152.0,2020.0,31000.0,168.0,2021.0,2.7,43.0,2012.0,42.1,10.0,2022.0,59.12,49.0,2020.0,12538597.0,23.0,2017.0,473.0,94.0,2021.0,5.43
152,Haiti,153.0,2020.0,31000.0,192.0,2020.0,1.4,47.0,2012.0,41.1,32.0,2022.0,38.78,101.0,2020.0,3990887.0,22.0,2017.0,480.0,196.0,2021.0,15.73
153,Saint Kitts and Nevis,154.0,2020.0,30000.0,176.0,2021.0,2.5,,,,146.0,2022.0,8.19,201.0,2019.0,42796.0,,,,65.0,1997.0,4.5
154,Benin,155.0,2020.0,29981.0,159.0,2020.0,3.0,75.0,2018.0,37.8,15.0,2022.0,54.33,111.0,2020.0,3152032.0,27.0,2017.0,397.0,11.0,2021.0,1.57
155,Sudan,156.0,2020.0,28782.0,,,,114.0,2014.0,34.2,29.0,2022.0,41.4,50.0,2020.0,12277795.0,38.0,2017.0,295.0,208.0,2021.0,19.81
156,Afghanistan,157.0,2020.0,26570.0,160.0,2020.0,2.9,153.0,2008.0,29.4,1.0,2022.0,103.06,76.0,2020.0,7007101.0,11.0,2017.0,638.0,182.0,2021.0,13.28
157,Guernsey,158.0,2020.0,25336.0,,,,,,,202.0,2022.0,3.3,193.0,2019.0,54726.0,,,,122.0,2021.0,7.37
158,Djibouti,159.0,2020.0,25053.0,134.0,2018.0,3.6,46.0,2017.0,41.6,25.0,2022.0,46.02,153.0,2020.0,582921.0,43.0,2017.0,248.0,223.0,2021.0,28.39
159,Cabo Verde,160.0,2020.0,24839.0,14.0,2020.0,7.6,40.0,2015.0,42.4,69.0,2022.0,22.96,167.0,2020.0,361392.0,91.0,2017.0,58.0,195.0,2021.0,15.42
160,Saint Vincent and the Grenadines,161.0,2020.0,24733.0,52.0,2018.0,5.7,,,,110.0,2022.0,12.59,208.0,2020.0,24408.0,70.0,2017.0,98.0,211.0,2021.0,21.62
161,Fiji,162.0,2020.0,23062.0,51.0,2020.0,5.7,145.0,2019.0,30.7,138.0,2022.0,9.85,161.0,2019.0,444978.0,107.0,2017.0,34.0,87.0,2021.0,5.24
162,Bermuda,163.0,2020.0,23000.0,187.0,2021.0,1.9,,,,221.0,2022.0,2.17,192.0,2020.0,62625.0,,,,116.0,2017.0,7.0
163,Gibraltar,164.0,2020.0,21009.0,,,,,,,169.0,2022.0,6.13,207.0,2019.0,31684.0,,,,6.0,2016.0,1.0
164,Papua New Guinea,165.0,2020.0,21000.0,193.0,2020.0,1.4,44.0,2009.0,41.9,41.0,2022.0,32.81,147.0,2019.0,965373.0,58.0,2017.0,145.0,28.0,2021.0,2.75
165,Monaco,166.0,2020.0,20877.0,195.0,2019.0,1.2,,,,224.0,2022.0,1.75,205.0,2019.0,37798.0,,,,17.0,2012.0,2.0
166,Aruba,167.0,2020.0,19000.0,54.0,2016.0,5.5,,,,119.0,2022.0,11.79,180.0,2019.0,103121.0,,,,129.0,2016.0,7.7
167,Mauritania,168.0,2020.0,18457.0,188.0,2020.0,1.9,132.0,2014.0,32.6,18.0,2022.0,49.95,129.0,2020.0,1906360.0,7.0,2017.0,766.0,169.0,2021.0,11.46
168,Faroe Islands,169.0,2020.0,18443.0,15.0,2019.0,7.6,176.0,2013.0,22.7,171.0,2022.0,5.86,197.0,2019.0,47703.0,,,,22.0,2017.0,2.2
169,Liechtenstein,170.0,2020.0,18050.0,174.0,2011.0,2.6,,,,188.0,2022.0,3.98,206.0,2019.0,37260.0,,,,23.0,2015.0,2.4
170,Rwanda,171.0,2020.0,17685.0,127.0,2021.0,3.8,33.0,2016.0,43.7,60.0,2022.0,25.64,108.0,2020.0,3497096.0,44.0,2017.0,248.0,12.0,2021.0,1.61
171,Dominica,172.0,2020.0,16000.0,57.0,2021.0,5.5,,,,127.0,2022.0,11.0,196.0,2019.0,50266.0,,,,214.0,2000.0,23.0
172,Greenland,173.0,2020.0,15649.0,4.0,2019.0,10.2,116.0,2015.0,33.9,142.0,2022.0,8.6,203.0,2019.0,39358.0,,,,148.0,2015.0,9.1
173,Burkina Faso,174.0,2020.0,13979.0,55.0,2020.0,5.5,18.0,2018.0,47.3,20.0,2022.0,48.17,95.0,2020.0,4598721.0,34.0,2017.0,320.0,70.0,2021.0,4.76
174,Liberia,175.0,2020.0,13000.0,170.0,2021.0,2.7,98.0,2016.0,35.3,28.0,2022.0,43.2,140.0,2020.0,1314996.0,10.0,2017.0,661.0,57.0,2021.0,4.09
175,Malawi,176.0,2020.0,12255.0,163.0,2020.0,2.9,69.0,2019.0,38.5,42.0,2022.0,32.68,119.0,2019.0,2608025.0,31.0,2017.0,349.0,117.0,2021.0,7.02
176,Eswatini,177.0,2020.0,12000.0,75.0,2021.0,5.0,5.0,2016.0,54.6,34.0,2022.0,38.12,155.0,2019.0,539623.0,25.0,2017.0,437.0,222.0,2021.0,25.76
177,Niger,178.0,2020.0,12000.0,126.0,2020.0,3.8,80.0,2018.0,37.3,6.0,2022.0,65.53,124.0,2019.0,2331072.0,20.0,2017.0,509.0,4.0,2021.0,0.75
178,San Marino,179.0,2020.0,11000.0,144.0,2020.0,3.4,,,,166.0,2022.0,6.36,211.0,2019.0,20318.0,,,,136.0,2017.0,8.1
179,Turkmenistan,180.0,2020.0,10000.0,158.0,2019.0,3.1,53.0,1998.0,40.8,36.0,2022.0,36.72,142.0,2022.0,1247940.0,157.0,2017.0,7.0,81.0,2021.0,5.08
180,Antigua and Barbuda,181.0,2020.0,8000.0,125.0,202.0,3.8,,,,106.0,2022.0,13.95,185.0,2019.0,73807.0,,,,165.0,2014.0,11.0
181,British Virgin Islands,182.0,2020.0,6738.0,172.0,2020.0,2.6,,,,107.0,2022.0,13.77,209.0,2020.0,23585.0,,,,32.0,2015.0,2.9
182,"Micronesia, Federated States of",183.0,2020.0,6000.0,6.0,2018.0,9.7,57.0,2013.0,40.1,76.0,2022.0,21.37,202.0,2019.0,39834.0,75.0,2017.0,88.0,198.0,2010.0,16.2
183,Tajikistan,184.0,2020.0,6000.0,48.0,2020.0,5.9,115.0,2015.0,34.0,48.0,2022.0,31.62,113.0,2022.0,3013256.0,132.0,2017.0,17.0,131.0,2021.0,7.75
184,Lesotho,185.0,2020.0,5060.0,11.0,2021.0,8.7,29.0,2017.0,44.9,23.0,2022.0,47.04,148.0,2020.0,921168.0,17.0,2017.0,544.0,218.0,2021.0,24.6
185,Anguilla,186.0,2018.0,5000.0,114.0,2020.0,4.0,,,,211.0,2022.0,3.02,215.0,2019.0,12489.0,,,,133.0,2002.0,8.0
186,Eritrea,187.0,2020.0,5000.0,,,,,,,30.0,2022.0,40.63,195.0,2019.0,53200.0,21.0,2017.0,480.0,134.0,2021.0,8.05
187,"Gambia, The",188.0,2020.0,5000.0,166.0,2020.0,2.8,93.0,2015.0,35.9,38.0,2022.0,36.44,149.0,2020.0,894166.0,13.0,2017.0,597.0,167.0,2021.0,11.21
188,Tonga,189.0,2020.0,5000.0,30.0,2021.0,6.6,76.0,2015.0,37.6,113.0,2022.0,12.1,200.0,2019.0,42844.0,94.0,2017.0,52.0,52.0,2021.0,3.97
189,Burundi,190.0,2020.0,4230.0,74.0,2020.0,5.0,67.0,2013.0,38.6,35.0,2022.0,36.75,145.0,2020.0,1070170.0,16.0,2017.0,548.0,14.0,2021.0,1.79
190,Cayman Islands,191.0,2020.0,3200.0,186.0,2019.0,2.1,,,,155.0,2022.0,7.47,194.0,2020.0,53233.0,,,,54.0,2008.0,4.0
191,Bhutan,192.0,2020.0,3189.0,22.0,2021.0,7.0,79.0,2017.0,37.4,61.0,2022.0,25.61,162.0,2020.0,416671.0,51.0,2017.0,183.0,60.0,2021.0,4.33
192,Guam,193.0,2020.0,3000.0,,,,,,,125.0,2022.0,11.2,178.0,2019.0,135509.0,,,,115.0,2021.0,6.98
193,Vanuatu,194.0,2020.0,2785.0,183.0,2020.0,2.2,77.0,2010.0,37.6,105.0,2022.0,14.0,183.0,2019.0,77969.0,82.0,2017.0,72.0,21.0,2021.0,2.18
194,Cook Islands,195.0,2018.0,2700.0,91.0,2021.0,4.6,,,,93.0,2022.0,15.53,216.0,2019.0,9476.0,,,,179.0,2005.0,13.1
195,Montserrat,196.0,2018.0,2700.0,61.0,2020.0,5.4,,,,135.0,2022.0,10.04,224.0,2019.0,2744.0,,,,96.0,2017.0,5.6
196,Sao Tome and Principe,197.0,2020.0,2512.0,78.0,2020.0,5.0,54.0,2017.0,40.7,27.0,2022.0,43.48,186.0,2020.0,72323.0,62.0,2017.0,130.0,197.0,2021.0,15.91
197,Guinea-Bissau,198.0,2020.0,2383.0,169.0,2020.0,2.7,105.0,2018.0,34.8,21.0,2022.0,47.69,159.0,2020.0,452640.0,8.0,2017.0,667.0,114.0,2021.0,6.76
198,Samoa,199.0,2020.0,1692.0,85.0,2020.0,4.8,66.0,2013.0,38.7,90.0,2022.0,17.76,190.0,2019.0,67012.0,98.0,2017.0,43.0,157.0,2021.0,9.84
199,Palau,200.0,2015.0,1224.0,24.0,2019.0,6.8,,,,126.0,2022.0,11.04,217.0,2016.0,7650.0,,,,13.0,2015.0,1.7
200,Comoros,201.0,2020.0,1066.0,173.0,2015.0,2.6,27.0,2014.0,45.3,13.0,2022.0,56.01,188.0,2020.0,69568.0,40.0,2017.0,273.0,154.0,2021.0,9.45
201,"Congo, Republic of the",202.0,2020.0,1000.0,97.0,2020.0,4.5,15.0,2011.0,48.9,24.0,2022.0,46.62,157.0,2019.0,484245.0,29.0,2017.0,378.0,216.0,2021.0,23.01
202,Equatorial Guinea,203.0,2020.0,1000.0,,,,,,,4.0,2022.0,77.85,168.0,2019.0,352555.0,37.0,2017.0,301.0,152.0,2021.0,9.24
203,Falkland Islands (Islas Malvinas),204.0,2020.0,1000.0,,,,91.0,2015.0,36.0,,,,223.0,2019.0,3343.0,,,,5.0,2016.0,1.0
204,Guinea,205.0,2020.0,1000.0,182.0,2020.0,2.2,150.0,2018.0,29.6,19.0,2022.0,48.32,109.0,2020.0,3414526.0,14.0,2017.0,576.0,105.0,2021.0,6.34
205,Marshall Islands,206.0,2020.0,1000.0,1.0,2020.0,13.6,97.0,2019.0,35.5,77.0,2022.0,21.13,210.0,2019.0,22929.0,,,,228.0,2006.0,36.0
206,"Saint Helena, Ascension, and Tristan da Cunha",207.0,2018.0,1000.0,,,,,,,88.0,2022.0,18.62,225.0,2019.0,2302.0,,,,186.0,1998.0,14.0
207,Solomon Islands,208.0,2020.0,1000.0,2.0,2020.0,12.8,82.0,2013.0,37.1,80.0,2022.0,19.53,182.0,2019.0,80379.0,69.0,2017.0,104.0,7.0,2021.0,1.03
208,Nauru,209.0,2010.0,950.0,20.0,2021.0,7.1,106.0,2012.0,34.8,152.0,2022.0,7.72,219.0,2019.0,6136.0,,,,215.0,2011.0,23.0
209,Central African Republic,210.0,2019.0,499.0,181.0,2020.0,2.2,4.0,2008.0,56.2,3.0,2022.0,81.74,158.0,2020.0,482976.0,5.0,2017.0,829.0,109.0,2021.0,6.57
210,Tuvalu,211.0,2017.0,450.0,,,,62.0,2010.0,39.1,56.0,2022.0,28.32,220.0,2019.0,5711.0,,,,,,
211,South Sudan,212.0,2019.0,200.0,191.0,2016.0,1.5,23.0,2010.0,46.0,8.0,2022.0,61.63,151.0,2020.0,783561.0,1.0,2017.0,1150.0,185.0,2021.0,13.91
212,Kiribati,213.0,2020.0,185.0,3.0,2019.0,12.4,162.0,2019.0,27.8,45.0,2022.0,32.2,198.0,2020.0,45390.0,73.0,2017.0,92.0,226.0,2010.0,30.6
213,Timor-Leste,214.0,2020.0,75.0,110.0,2020.0,4.2,160.0,2014.0,28.7,40.0,2022.0,32.93,165.0,2020.0,382348.0,60.0,2017.0,142.0,80.0,2021.0,5.07
214,Sierra Leone,,,,8.0,2021.0,9.1,95.0,2018.0,35.7,5.0,2022.0,72.3,138.0,2020.0,1435857.0,3.0,2017.0,1120.0,90.0,2021.0,5.33
215,Turks and Caicos Islands,,,,102.0,2021.0,4.5,,,,124.0,2022.0,11.32,,,,,,,158.0,1997.0,10.0
216,Chad,,,,162.0,2021.0,2.9,78.0,2018.0,37.5,7.0,2022.0,63.99,133.0,2020.0,1642586.0,2.0,2017.0,1140.0,16.0,2021.0,1.88
217,Kosovo,,,,,,,156.0,2017.0,29.0,66.0,2022.0,24.93,136.0,2019.0,1502658.0,,,,225.0,2017.0,30.5
218,"Korea, North",,,,,,,,,,74.0,2022.0,22.0,,,,74.0,2017.0,89.0,25.0,2021.0,2.59
219,Northern Mariana Islands,,,,,,,,,,112.0,2022.0,12.17,213.0,2016.0,17418.0,,,,166.0,2010.0,11.2
220,American Samoa,,,,,,,,,,137.0,2022.0,9.87,214.0,2020.0,17147.0,,,,224.0,2005.0,29.8
221,Saint Pierre and Miquelon,,,,,,,,,,149.0,2022.0,7.97,221.0,2016.0,4500.0,,,,145.0,2015.0,8.7
222,Sint Maarten,,,,,,,,,,151.0,2022.0,7.81,204.0,2022.0,39100.0,,,,174.0,2012.0,12.0
223,Virgin Islands,,,,,,,,,,154.0,2022.0,7.49,189.0,2019.0,68268.0,,,,181.0,2021.0,13.27
224,Saint Barthelemy,,,,,,,,,,160.0,2022.0,6.58,218.0,2020.0,7128.0,,,,,,
225,Saint Martin,,,,,,,,,,161.0,2022.0,6.58,212.0,2022.0,19300.0,,,,,,
226,Isle of Man,,,,,,,,,,185.0,2022.0,4.16,,,,,,,8.0,2017.0,1.1
227,Wallis and Futuna,,,,,,,,,,189.0,2022.0,3.94,227.0,2019.0,1029.0,,,,146.0,2013.0,8.8
228,Antarctica,,,,,,,,,,,,,222.0,2016.0,4400.0,,,,,,
229,Niue,,,,,,,,,,,,,226.0,2019.0,1292.0,,,,173.0,2001.0,12.0
230,Tokelau,,,,,,,,,,,,,228.0,2019.0,805.0,,,,18.0,2015.0,2.0
231,Christmas Island,,,,,,,,,,,,,229.0,2016.0,790.0,,,,,,
232,Norfolk Island,,,,,,,,,,,,,230.0,2016.0,612.0,,,,,,
233,Pitcairn Islands,,,,,,,,,,,,,231.0,2022.0,50.0,,,,,,
234,Cocos (Keeling) Islands,,,,,,,,,,,,,,,,,,,1.0,2011.0,0.1
